MANUAL ID,TRUE POSITIVE,FALSE NEGATIVE,FALSE POSITIVE,PRECISION,RECALL,F1
Actitis-macularius,60.0,0.0,0.0,1.0,1.0,1.0
Adelomyia-melanogenys,63.0,0.0,0.0,1.0,1.0,1.0
Aeronautes-montivagus,129.0,12.0,9.0,0.9348,0.9149,0.9247
Agamia-agami,36.0,0.0,9.0,0.8,1.0,0.8889
Aglaiocercus-kingii,30.0,0.0,0.0,1.0,1.0,1.0
Akletos-goeldii,57.0,3.0,12.0,0.8261,0.95,0.8837
Akletos-melanoceps,189.0,6.0,15.0,0.9265,0.9692,0.9474
Amaurolimnas-concolor,60.0,0.0,0.0,1.0,1.0,1.0
Amazona-aestiva,36.0,0.0,0.0,1.0,1.0,1.0
Amazona-amazonica,57.0,3.0,0.0,1.0,0.95,0.9744
Amazona-mercenarius,36.0,5.173174603174603,0.0,1.0,0.8744,0.933
Amazona-ochrocephala,111.0,0.0,0.0,1.0,1.0,1.0
Amazonetta-brasiliensis,21.0,0.0,0.0,1.0,1.0,1.0
Amblycercus-holosericeus,129.0,0.0,0.0,1.0,1.0,1.0
Ammodramus-humeralis,39.0,3.0,3.0,0.9286,0.9286,0.9286
Ampelioides-tschudii,33.0,0.0,15.0,0.6875,1.0,0.8148
Ampelion-rubrocristatus,9.0,0.0,0.0,1.0,1.0,1.0
Anabacerthia-ruficaudata,39.0,0.0,0.0,1.0,1.0,1.0
Anabacerthia-striaticollis,96.0,0.0,3.0,0.9697,1.0,0.9846
Andigena-hypoglauca,105.0,0.0,0.0,1.0,1.0,1.0
Anhima-cornuta,66.0,0.0,12.0,0.8462,1.0,0.9167
Anhinga-anhinga,54.0,0.0,3.0,0.9474,1.0,0.973
Antrostomus-sericocaudatus,105.0,0.0,6.0,0.9459,1.0,0.9722
Ara-ararauna,72.0,0.0,0.0,1.0,1.0,1.0
Ara-chloropterus,75.0,3.0,33.0,0.6944,0.9615,0.8065
Ara-macao,141.0,0.0,3.0,0.9792,1.0,0.9895
Ara-militaris,84.0,3.0,0.0,1.0,0.9655,0.9825
Aramides-cajaneus,42.0,0.0,45.0,0.4828,1.0,0.6512
Ardea-alba,27.0,3.0,3.0,0.9,0.9,0.9
Ardea-cocoi,12.0,0.0,3.0,0.8,1.0,0.8889
Arenaria-interpres,27.0,0.0,0.0,1.0,1.0,1.0
Arremon-brunneinucha,87.0,0.0,0.0,1.0,1.0,1.0
Arremon-castaneiceps,120.0,0.0,3.0,0.9756,1.0,0.9877
Arremon-taciturnus,51.0,9.0,0.0,1.0,0.85,0.9189
Arundinicola-leucocephala,48.0,3.0,0.0,1.0,0.9412,0.9697
Asthenes-urubambensis,84.0,0.0,9.0,0.9032,1.0,0.9492
Athene-cunicularia,27.0,0.0,3.0,0.9,1.0,0.9474
Atticora-fasciata,96.0,0.0,0.0,1.0,1.0,1.0
Attila-bolivianus,135.0,3.0,6.0,0.9574,0.9783,0.9677
Attila-cinnamomeus,201.0,0.0,0.0,1.0,1.0,1.0
Aulacorhynchus-derbianus,60.0,0.0,6.0,0.9091,1.0,0.9524
Aulacorhynchus-prasinus,48.0,0.0,3.0,0.9412,1.0,0.9697
Automolus-subulatus,90.0,6.0,3.0,0.9677,0.9375,0.9524
Bartramia-longicauda,30.0,0.0,0.0,1.0,1.0,1.0
Baryphthengus-martii,153.0,6.0,6.0,0.9623,0.9623,0.9623
Bolborhynchus-lineola,33.0,0.0,0.0,1.0,1.0,1.0
Bolborhynchus-orbygnesius,111.0,0.0,0.0,1.0,1.0,1.0
Brotogeris-cyanoptera,24.0,0.0,0.0,1.0,1.0,1.0
Bubulcus-ibis,27.0,0.0,0.0,1.0,1.0,1.0
Bucco-macrodactylus,105.0,6.0,0.0,1.0,0.9459,0.9722
Bucco-tamatia,108.0,0.0,9.0,0.9231,1.0,0.96
Busarellus-nigricollis,84.0,0.0,15.0,0.8485,1.0,0.918
Buteo-albigula,105.0,0.0,3.0,0.9722,1.0,0.9859
Buteo-albonotatus,48.0,12.0,6.0,0.8889,0.8,0.8421
Buteo-brachyurus,78.0,0.0,3.0,0.963,1.0,0.9811
Buteo-nitidus,54.0,0.0,27.0,0.6667,1.0,0.8
Buteo-platypterus,57.0,0.0,30.0,0.6552,1.0,0.7917
Buteo-swainsoni,51.0,0.0,3.0,0.9444,1.0,0.9714
Buteogallus-meridionalis,18.0,0.0,18.0,0.5,1.0,0.6667
Buteogallus-schistaceus,63.0,0.0,18.0,0.7778,1.0,0.875
Buteogallus-solitarius,39.0,15.0,0.0,1.0,0.7222,0.8387
Buteogallus-urubitinga,48.0,0.0,9.0,0.8421,1.0,0.9143
Butorides-striata,27.0,0.0,6.0,0.8182,1.0,0.9
Cacicus-cela,78.0,0.0,3.0,0.963,1.0,0.9811
Cacicus-chrysonotus,159.0,0.0,3.0,0.9815,1.0,0.9907
Cacicus-solitarius,30.0,0.0,0.0,1.0,1.0,1.0
Calidris-alba,27.0,3.0,0.0,1.0,0.9,0.9474
Calidris-bairdii,141.0,0.0,12.0,0.9216,1.0,0.9592
Calidris-himantopus,165.0,3.0,3.0,0.9821,0.9821,0.9821
Calidris-melanotos,30.0,0.0,9.0,0.7692,1.0,0.8696
Calidris-pusilla,48.0,0.0,30.0,0.6154,1.0,0.7619
Calidris-subruficollis,18.0,3.0,0.0,1.0,0.8571,0.9231
Calliphlox-amethystina,15.0,0.0,0.0,1.0,1.0,1.0
Campephilus-melanoleucos,123.0,0.0,0.0,1.0,1.0,1.0
Campephilus-rubricollis,60.0,0.0,30.0,0.6667,1.0,0.8
Campylopterus-largipennis,33.0,0.0,0.0,1.0,1.0,1.0
Campylorhamphus-trochilirostris,66.0,3.0,9.0,0.88,0.9565,0.9167
Campylorhynchus-turdinus,24.0,0.0,0.0,1.0,1.0,1.0
Cantorchilus-leucotis,75.0,3.0,3.0,0.9615,0.9615,0.9615
Capito-auratus,177.0,0.0,3.0,0.9833,1.0,0.9916
Caracara-plancus,78.0,3.0,3.0,0.963,0.963,0.963
Cardellina-canadensis,75.0,0.0,0.0,1.0,1.0,1.0
Casiornis-rufus,27.0,0.0,9.0,0.75,1.0,0.8571
Catamblyrhynchus-diadema,114.0,0.0,0.0,1.0,1.0,1.0
Catamenia-homochroa,228.0,3.0,0.0,1.0,0.987,0.9935
Catamenia-inornata,36.0,3.0,0.0,1.0,0.9231,0.96
Catharus-fuscater,120.0,0.0,0.0,1.0,1.0,1.0
Catharus-fuscescens,168.0,3.0,0.0,1.0,0.9825,0.9912
Catharus-minimus,147.0,3.0,0.0,1.0,0.98,0.9899
Catharus-ustulatus,36.0,0.0,0.0,1.0,1.0,1.0
Celeus-elegans,15.0,0.0,3.0,0.8333,1.0,0.9091
Celeus-flavus,60.0,0.0,12.0,0.8333,1.0,0.9091
Celeus-torquatus,51.0,12.0,30.0,0.6296,0.8095,0.7083
Ceratopipra-chloromeros,33.0,0.0,6.0,0.8462,1.0,0.9167
Ceratopipra-rubrocapilla,69.0,3.0,3.0,0.9583,0.9583,0.9583
Cercomacra-manu,129.0,3.0,30.0,0.8113,0.9773,0.8866
Cercomacroides-fuscicauda,51.0,0.0,0.0,1.0,1.0,1.0
Cercomacroides-nigrescens,57.0,0.0,15.0,0.7917,1.0,0.8837
Cercomacroides-serva,126.0,6.0,0.0,1.0,0.9545,0.9767
Certhiaxis-cinnamomeus,66.0,0.0,3.0,0.9565,1.0,0.9778
Chaetura-brachyura,69.0,0.0,0.0,1.0,1.0,1.0
Chaetura-cinereiventris,63.0,0.0,0.0,1.0,1.0,1.0
Chaetura-pelagica,111.0,84.0,0.0,1.0,0.5692,0.7255
Chaetura-viridipennis,3.0,0.0,0.0,1.0,1.0,1.0
Chamaepetes-goudotii,126.0,0.0,15.0,0.8936,1.0,0.9438
Chamaeza-campanisona,72.0,0.0,0.0,1.0,1.0,1.0
Chamaeza-nobilis,45.0,0.0,3.0,0.9375,1.0,0.9677
Charadrius-collaris,48.0,3.0,0.0,1.0,0.9412,0.9697
Chelidoptera-tenebrosa,45.0,0.0,0.0,1.0,1.0,1.0
Chiroxiphia-boliviana,90.0,3.0,18.0,0.8333,0.9677,0.8955
Chloroceryle-aenea,69.0,0.0,15.0,0.8214,1.0,0.902
Chloroceryle-amazona,69.0,0.0,3.0,0.9583,1.0,0.9787
Chloroceryle-americana,48.0,0.0,9.0,0.8421,1.0,0.9143
Chlorochrysa-calliparaea,54.0,0.0,0.0,1.0,1.0,1.0
Chlorophanes-spiza,66.0,0.0,0.0,1.0,1.0,1.0
Chloropipo-unicolor,51.0,3.0,3.0,0.9444,0.9444,0.9444
Chlorospingus-canigularis,105.0,12.0,0.0,1.0,0.8974,0.9459
Chlorospingus-flavopectus,141.0,3.0,0.0,1.0,0.9792,0.9895
Chlorothraupis-carmioli,33.0,3.0,0.0,1.0,0.9167,0.9565
Chondrohierax-uncinatus,27.0,0.0,0.0,1.0,1.0,1.0
Chordeiles-minor,39.0,0.0,0.0,1.0,1.0,1.0
Chordeiles-rupestris,45.0,0.0,0.0,1.0,1.0,1.0
Chroicocephalus-serranus,90.0,0.0,0.0,1.0,1.0,1.0
Chrysuronia-oenone,63.0,0.0,3.0,0.9545,1.0,0.9767
Cinclodes-albiventris,36.0,0.0,3.0,0.9231,1.0,0.96
Cinnycerthia-fulva,102.0,0.0,3.0,0.9714,1.0,0.9855
Cissopis-leverianus,48.0,3.0,0.0,1.0,0.9412,0.9697
Clibanornis-rubiginosus,195.0,9.0,0.0,1.0,0.9559,0.9774
Cnipodectes-superrufus,81.0,12.0,30.0,0.7297,0.871,0.7941
Coccyzus-americanus,21.0,0.0,0.0,1.0,1.0,1.0
Coccyzus-erythropthalmus,153.0,0.0,0.0,1.0,1.0,1.0
Cochlearius-cochlearius,48.0,3.0,3.0,0.9412,0.9412,0.9412
Coeligena-coeligena,84.0,0.0,0.0,1.0,1.0,1.0
Coeligena-violifer,27.0,0.0,0.0,1.0,1.0,1.0
Coereba-flaveola,72.0,3.0,0.0,1.0,0.96,0.9796
Colaptes-punctigula,9.0,0.0,0.0,1.0,1.0,1.0
Colaptes-rivolii,51.0,0.0,0.0,1.0,1.0,1.0
Colaptes-rubiginosus,78.0,0.0,3.0,0.963,1.0,0.9811
Colaptes-rupicola,27.0,0.0,0.0,1.0,1.0,1.0
Colibri-delphinae,252.0,6.0,3.0,0.9882,0.9767,0.9825
Colonia-colonus,27.0,3.0,0.0,1.0,0.9,0.9474
Columbina-picui,45.0,0.0,9.0,0.8333,1.0,0.9091
Conirostrum-ferrugineiventre,36.0,12.0,3.0,0.9231,0.75,0.8276
Conopias-trivirgatus,45.0,6.0,0.0,1.0,0.8824,0.9375
Conopophaga-ardesiaca,39.0,0.0,0.0,1.0,1.0,1.0
Conopophaga-peruviana,84.0,9.0,0.0,1.0,0.9032,0.9492
Conothraupis-speculigera,12.0,0.0,0.0,1.0,1.0,1.0
Contopus-cinereus,30.0,0.0,0.0,1.0,1.0,1.0
Contopus-cooperi,57.0,0.0,0.0,1.0,1.0,1.0
Contopus-nigrescens,123.0,0.0,3.0,0.9762,1.0,0.988
Contopus-sordidulus,30.0,0.0,0.0,1.0,1.0,1.0
Contopus-virens,144.0,0.0,3.0,0.9796,1.0,0.9897
Coryphaspiza-melanotis,15.0,0.0,0.0,1.0,1.0,1.0
Cotinga-maynana,12.0,0.0,3.0,0.8,1.0,0.8889
Cranioleuca-curtata,69.0,0.0,3.0,0.9583,1.0,0.9787
Cranioleuca-gutturata,159.0,0.0,21.0,0.8833,1.0,0.9381
Cranioleuca-marcapatae,159.0,0.0,0.0,1.0,1.0,1.0
Crax-globulosa,24.0,0.0,0.0,1.0,1.0,1.0
Crotophaga-major,15.0,0.0,81.0,0.1562,1.0,0.2703
Crypturellus-cinereus,162.0,3.0,0.0,1.0,0.9818,0.9908
Crypturellus-obsoletus,93.0,3.0,3.0,0.9688,0.9688,0.9688
Crypturellus-parvirostris,72.0,0.0,0.0,1.0,1.0,1.0
Crypturellus-soui,114.0,3.0,3.0,0.9744,0.9744,0.9744
Crypturellus-strigulosus,54.0,9.0,9.0,0.8571,0.8571,0.8571
Cyanerpes-cyaneus,21.0,0.0,0.0,1.0,1.0,1.0
Cyanocorax-cyanomelas,96.0,3.0,0.0,1.0,0.9697,0.9846
Cyanocorax-violaceus,117.0,0.0,9.0,0.9286,1.0,0.963
Cyanocorax-yncas,54.0,0.0,21.0,0.72,1.0,0.8372
Cyanolyca-viridicyanus,12.0,0.0,0.0,1.0,1.0,1.0
Cyclarhis-gujanensis,102.0,6.0,0.0,1.0,0.9444,0.9714
Cymbilaimus-lineatus,132.0,3.0,6.0,0.9565,0.9778,0.967
Cymbilaimus-sanctaemariae,111.0,0.0,6.0,0.9487,1.0,0.9737
Cyphorhinus-arada,33.0,6.0,6.0,0.8462,0.8462,0.8462
Dacnis-cayana,78.0,0.0,0.0,1.0,1.0,1.0
Dacnis-lineata,66.0,0.0,3.0,0.9565,1.0,0.9778
Daptrius-ater,147.0,3.0,12.0,0.9245,0.98,0.9515
Deconychura-longicauda,72.0,0.0,3.0,0.96,1.0,0.9796
Dendrocincla-fuliginosa,36.0,3.0,6.0,0.8571,0.9231,0.8889
Dendrocincla-merula,24.0,0.0,3.0,0.8889,1.0,0.9412
Dendrocolaptes-certhia,132.0,12.0,18.0,0.88,0.9167,0.898
Dendrocolaptes-picumnus,84.0,0.0,0.0,1.0,1.0,1.0
Dendroplex-picus,33.0,0.0,0.0,1.0,1.0,1.0
Dichrozona-cincta,72.0,6.0,3.0,0.96,0.9231,0.9412
Diglossa-brunneiventris,66.0,0.0,0.0,1.0,1.0,1.0
Diglossa-caerulescens,12.0,6.0,0.0,1.0,0.6667,0.8
Diglossa-glauca,78.0,0.0,0.0,1.0,1.0,1.0
Diopsittaca-nobilis,78.0,0.0,3.0,0.963,1.0,0.9811
Dolichonyx-oryzivorus,18.0,0.0,0.0,1.0,1.0,1.0
Donacobius-atricapilla,147.0,0.0,0.0,1.0,1.0,1.0
Doryfera-johannae,75.0,12.0,3.0,0.9615,0.8621,0.9091
Dromococcyx-phasianellus,36.0,0.0,0.0,1.0,1.0,1.0
Drymophila-devillei,102.0,0.0,0.0,1.0,1.0,1.0
Dryocopus-lineatus,105.0,3.0,9.0,0.9211,0.9722,0.9459
Dubusia-taeniata,33.0,0.0,0.0,1.0,1.0,1.0
Egretta-caerulea,39.0,0.0,12.0,0.7647,1.0,0.8667
Egretta-thula,12.0,0.0,0.0,1.0,1.0,1.0
Elaenia-albiceps,117.0,3.0,0.0,1.0,0.975,0.9873
Elaenia-chiriquensis,66.0,9.0,0.0,1.0,0.88,0.9362
Elaenia-cristata,12.0,0.0,3.0,0.8,1.0,0.8889
Elaenia-gigas,3.0,0.0,0.0,1.0,1.0,1.0
Elaenia-pallatangae,21.0,0.0,0.0,1.0,1.0,1.0
Elaenia-parvirostris,42.0,0.0,12.0,0.7778,1.0,0.875
Elaenia-spectabilis,21.0,0.0,0.0,1.0,1.0,1.0
Elanus-leucurus,138.0,3.0,3.0,0.9787,0.9787,0.9787
Electron-platyrhynchum,39.0,0.0,3.0,0.9286,1.0,0.963
Emberizoides-herbicola,84.0,0.0,0.0,1.0,1.0,1.0
Empidonax-alnorum,15.0,0.0,0.0,1.0,1.0,1.0
Empidonomus-varius,36.0,0.0,3.0,0.9231,1.0,0.96
Entomodestes-leucotis,30.0,3.0,9.0,0.7692,0.9091,0.8333
Epinecrophylla-amazonica,63.0,6.0,3.0,0.9545,0.913,0.9333
Epinecrophylla-erythrura,60.0,3.0,0.0,1.0,0.9524,0.9756
Epinecrophylla-haematonota,48.0,9.0,0.0,1.0,0.8421,0.9143
Epinecrophylla-ornata,66.0,3.0,3.0,0.9565,0.9565,0.9565
Eubucco-richardsoni,12.0,0.0,3.0,0.8,1.0,0.8889
Eubucco-tucinkae,27.0,0.0,3.0,0.9,1.0,0.9474
Euchrepomis-humeralis,87.0,6.0,12.0,0.8788,0.9355,0.9062
Eucometis-penicillata,24.0,0.0,6.0,0.8,1.0,0.8889
Eupetomena-macroura,42.0,0.0,0.0,1.0,1.0,1.0
Euphonia-chlorotica,72.0,3.0,0.0,1.0,0.96,0.9796
Euphonia-chrysopasta,75.0,6.0,18.0,0.8065,0.9259,0.8621
Euphonia-cyanocephala,39.0,0.0,0.0,1.0,1.0,1.0
Euphonia-laniirostris,99.0,0.0,0.0,1.0,1.0,1.0
Euphonia-mesochrysa,60.0,0.0,0.0,1.0,1.0,1.0
Euphonia-rufiventris,51.0,0.0,9.0,0.85,1.0,0.9189
Euphonia-xanthogaster,12.0,0.0,0.0,1.0,1.0,1.0
Eupsittula-aurea,51.0,0.0,0.0,1.0,1.0,1.0
Euscarthmus-meloryphus,36.0,0.0,3.0,0.9231,1.0,0.96
Falco-deiroleucus,42.0,6.0,0.0,1.0,0.875,0.9333
Falco-femoralis,66.0,0.0,51.0,0.5641,1.0,0.7213
Falco-rufigularis,48.0,0.0,0.0,1.0,1.0,1.0
Falco-sparverius,105.0,6.0,0.0,1.0,0.9459,0.9722
Florisuga-mellivora,6.0,0.0,0.0,1.0,1.0,1.0
Fluvicola-albiventer,33.0,3.0,9.0,0.7857,0.9167,0.8462
Formicarius-analis,6.0,0.0,3.0,0.6667,1.0,0.8
Formicarius-colma,39.0,0.0,3.0,0.9286,1.0,0.963
Formicarius-rufifrons,45.0,0.0,18.0,0.7143,1.0,0.8333
Formicarius-rufipectus,12.0,0.0,0.0,1.0,1.0,1.0
Formicivora-rufa,45.0,0.0,0.0,1.0,1.0,1.0
Forpus-modestus,18.0,0.0,0.0,1.0,1.0,1.0
Forpus-xanthopterygius,120.0,0.0,9.0,0.9302,1.0,0.9639
Furnarius-leucopus,39.0,0.0,0.0,1.0,1.0,1.0
Galbalcyrhynchus-purusianus,48.0,27.0,0.0,1.0,0.64,0.7805
Galbula-cyanicollis,21.0,0.0,0.0,1.0,1.0,1.0
Galbula-dea,45.0,0.0,0.0,1.0,1.0,1.0
Galbula-leucogastra,60.0,0.0,3.0,0.9524,1.0,0.9756
Gampsonyx-swainsonii,21.0,0.0,0.0,1.0,1.0,1.0
Geothlypis-aequinoctialis,240.0,0.0,0.0,1.0,1.0,1.0
Geotrygon-saphirina,96.0,0.0,0.0,1.0,1.0,1.0
Geranospiza-caerulescens,39.0,0.0,3.0,0.9286,1.0,0.963
Glaucidium-brasilianum,36.0,0.0,0.0,1.0,1.0,1.0
Glaucis-hirsutus,15.0,0.0,0.0,1.0,1.0,1.0
Glyphorynchus-spirurus,36.0,0.0,0.0,1.0,1.0,1.0
Gnorimopsar-chopi,21.0,3.0,3.0,0.875,0.875,0.875
Grallaria-eludens,84.0,36.0,9.0,0.9032,0.7,0.7887
Grallaria-erythroleuca,51.0,0.0,3.0,0.9444,1.0,0.9714
Grallaricula-leymebambae,81.0,0.0,0.0,1.0,1.0,1.0
Hafferia-fortis,132.0,3.0,6.0,0.9565,0.9778,0.967
Haplophaedia-assimilis,18.0,0.0,0.0,1.0,1.0,1.0
Haplospiza-rustica,204.0,6.0,6.0,0.9714,0.9714,0.9714
Harpagus-bidentatus,39.0,3.0,0.0,1.0,0.9286,0.963
Helicolestes-hamatus,132.0,0.0,21.0,0.8627,1.0,0.9263
Heliodoxa-aurescens,81.0,0.0,0.0,1.0,1.0,1.0
Heliodoxa-leadbeateri,78.0,9.0,0.0,1.0,0.8966,0.9455
Heliodoxa-schreibersii,33.0,0.0,0.0,1.0,1.0,1.0
Heliomaster-longirostris,45.0,0.0,0.0,1.0,1.0,1.0
Heliornis-fulica,15.0,3.0,3.0,0.8333,0.8333,0.8333
Heliothryx-auritus,12.0,3.0,3.0,0.8,0.8,0.8
Hemithraupis-flavicollis,12.0,0.0,6.0,0.6667,1.0,0.8
Hemithraupis-guira,21.0,3.0,0.0,1.0,0.875,0.9333
Hemitriccus-cohnhafti,132.0,0.0,6.0,0.9565,1.0,0.9778
Hemitriccus-griseipectus,234.0,0.0,3.0,0.9873,1.0,0.9936
Hemitriccus-rufigularis,165.0,3.0,6.0,0.9649,0.9821,0.9735
Henicorhina-leucophrys,42.0,0.0,3.0,0.9333,1.0,0.9655
Herpetotheres-cachinnans,51.0,0.0,0.0,1.0,1.0,1.0
Herpsilochmus-axillaris,54.0,3.0,0.0,1.0,0.9474,0.973
Herpsilochmus-rufimarginatus,15.0,0.0,0.0,1.0,1.0,1.0
Himantopus-mexicanus,174.0,0.0,0.0,1.0,1.0,1.0
Hirundinea-ferruginea,81.0,0.0,0.0,1.0,1.0,1.0
Hydropsalis-maculicaudus,54.0,0.0,0.0,1.0,1.0,1.0
Hylexetastes-stresemanni,87.0,0.0,39.0,0.6905,1.0,0.8169
Hylophilus-thoracicus,39.0,6.0,0.0,1.0,0.8667,0.9286
Hylophylax-naevius,90.0,0.0,0.0,1.0,1.0,1.0
Hypocnemis-peruviana,33.0,0.0,18.0,0.6471,1.0,0.7857
Hypocnemis-subflava,72.0,0.0,9.0,0.8889,1.0,0.9412
Icterus-croconotus,60.0,0.0,0.0,1.0,1.0,1.0
Ictinia-mississippiensis,24.0,3.0,0.0,1.0,0.8889,0.9412
Ictinia-plumbea,21.0,0.0,9.0,0.7,1.0,0.8235
Inezia-inornata,21.0,0.0,0.0,1.0,1.0,1.0
Iodopleura-isabellae,105.0,9.0,3.0,0.9722,0.9211,0.9459
Iridophanes-pulcherrimus,12.0,6.0,3.0,0.8,0.6667,0.7273
Iridosornis-analis,129.0,9.0,15.0,0.8958,0.9348,0.9149
Isleria-hauxwelli,39.0,0.0,0.0,1.0,1.0,1.0
Ixobrychus-exilis,12.0,3.0,3.0,0.8,0.8,0.8
Ixobrychus-involucris,12.0,0.0,0.0,1.0,1.0,1.0
Jabiru-mycteria,42.0,6.0,3.0,0.9333,0.875,0.9032
Jacamerops-aureus,36.0,3.0,3.0,0.9231,0.9231,0.9231
Klais-guimeti,27.0,3.0,0.0,1.0,0.9,0.9474
Knipolegus-aterrimus,6.0,0.0,0.0,1.0,1.0,1.0
Knipolegus-hudsoni,30.0,0.0,0.0,1.0,1.0,1.0
Lamprospiza-melanoleuca,126.0,0.0,24.0,0.84,1.0,0.913
Laniisoma-elegans,72.0,0.0,42.0,0.6316,1.0,0.7742
Laniocera-hypopyrra,45.0,0.0,6.0,0.8824,1.0,0.9375
Laterallus-exilis,9.0,0.0,0.0,1.0,1.0,1.0
Laterallus-melanophaius,33.0,0.0,0.0,1.0,1.0,1.0
Legatus-leucophaius,123.0,0.0,0.0,1.0,1.0,1.0
Lepidocolaptes-fatimalimae,3.0,0.0,0.0,1.0,1.0,1.0
Lepidothrix-coronata,156.0,3.0,9.0,0.9455,0.9811,0.963
Leptodon-cayanensis,57.0,0.0,0.0,1.0,1.0,1.0
Leptopogon-amaurocephalus,6.0,0.0,0.0,1.0,1.0,1.0
Leptopogon-superciliaris,18.0,3.0,0.0,1.0,0.8571,0.9231
Leptopogon-taczanowskii,87.0,0.0,0.0,1.0,1.0,1.0
Leptosittaca-branickii,21.0,0.0,0.0,1.0,1.0,1.0
Leptotila-rufaxilla,78.0,3.0,0.0,1.0,0.963,0.9811
Leptotila-verreauxi,30.0,3.0,6.0,0.8333,0.9091,0.8696
Leucopternis-melanops,48.0,0.0,3.0,0.9412,1.0,0.9697
Liosceles-thoracicus,93.0,0.0,216.0,0.301,1.0,0.4627
Lochmias-nematura,132.0,6.0,6.0,0.9565,0.9565,0.9565
Lophostrix-cristata,96.0,6.0,9.0,0.9143,0.9412,0.9275
Lophotriccus-eulophotes,12.0,0.0,0.0,1.0,1.0,1.0
Lophotriccus-pileatus,12.0,0.0,0.0,1.0,1.0,1.0
Lurocalis-rufiventris,42.0,0.0,3.0,0.9333,1.0,0.9655
Lurocalis-semitorquatus,21.0,3.0,0.0,1.0,0.875,0.9333
Machaeropterus-pyrocephalus,72.0,3.0,21.0,0.7742,0.96,0.8571
Malacoptila-fulvogularis,75.0,0.0,0.0,1.0,1.0,1.0
Margarornis-squamiger,48.0,0.0,0.0,1.0,1.0,1.0
Mecocerculus-leucophrys,162.0,0.0,0.0,1.0,1.0,1.0
Megaceryle-torquata,33.0,3.0,6.0,0.8462,0.9167,0.88
Megarynchus-pitangua,36.0,0.0,0.0,1.0,1.0,1.0
Megascops-centralis,9.0,0.0,0.0,1.0,1.0,1.0
Megascops-choliba,60.0,0.0,9.0,0.8696,1.0,0.9302
Megascops-ingens,27.0,0.0,0.0,1.0,1.0,1.0
Megascops-roraimae,27.0,0.0,0.0,1.0,1.0,1.0
Mesembrinibis-cayennensis,69.0,0.0,0.0,1.0,1.0,1.0
Metopothrix-aurantiaca,66.0,0.0,6.0,0.9167,1.0,0.9565
Metriopelia-melanoptera,15.0,0.0,0.0,1.0,1.0,1.0
Micrastur-buckleyi,99.0,0.0,3.0,0.9706,1.0,0.9851
Micrastur-gilvicollis,99.0,0.0,18.0,0.8462,1.0,0.9167
Micrastur-ruficollis,150.0,0.0,0.0,1.0,1.0,1.0
Micrastur-semitorquatus,111.0,6.0,15.0,0.881,0.9487,0.9136
Microbates-cinereiventris,60.0,0.0,0.0,1.0,1.0,1.0
Microcerculus-bambla,36.0,0.0,3.0,0.9231,1.0,0.96
Micropygia-schomburgkii,204.0,0.0,0.0,1.0,1.0,1.0
Milvago-chimachima,138.0,0.0,0.0,1.0,1.0,1.0
Mimus-triurus,42.0,0.0,0.0,1.0,1.0,1.0
Mionectes-oleagineus,123.0,0.0,0.0,1.0,1.0,1.0
Mionectes-striaticollis,30.0,0.0,0.0,1.0,1.0,1.0
Molothrus-bonariensis,150.0,15.0,48.0,0.7576,0.9091,0.8264
Momotus-aequatorialis,66.0,3.0,6.0,0.9167,0.9565,0.9362
Monasa-morphoeus,24.0,0.0,0.0,1.0,1.0,1.0
Monasa-nigrifrons,123.0,0.0,0.0,1.0,1.0,1.0
Myadestes-ralloides,72.0,24.0,15.0,0.8276,0.75,0.7869
Mycteria-americana,381.0,0.0,6.0,0.9845,1.0,0.9922
Myiarchus-cephalotes,48.0,3.0,0.0,1.0,0.9412,0.9697
Myiarchus-ferox,189.0,0.0,0.0,1.0,1.0,1.0
Myiarchus-swainsoni,84.0,0.0,0.0,1.0,1.0,1.0
Myiarchus-tyrannulus,93.0,0.0,6.0,0.9394,1.0,0.9688
Myiobius-atricaudus,90.0,3.0,0.0,1.0,0.9677,0.9836
Myiobius-barbatus,42.0,3.0,3.0,0.9333,0.9333,0.9333
Myiobius-villosus,66.0,3.0,3.0,0.9565,0.9565,0.9565
Myioborus-melanocephalus,78.0,3.0,3.0,0.963,0.963,0.963
Myioborus-miniatus,54.0,9.0,0.0,1.0,0.8571,0.9231
Myiodynastes-luteiventris,42.0,0.0,396.0,0.0959,1.0,0.175
Myiodynastes-maculatus,141.0,9.0,0.0,1.0,0.94,0.9691
Myiopagis-caniceps,156.0,0.0,9.0,0.9455,1.0,0.972
Myiopagis-gaimardii,78.0,6.0,54.0,0.5909,0.9286,0.7222
Myiopagis-viridicata,54.0,0.0,36.0,0.6,1.0,0.75
Myiornis-ecaudatus,78.0,0.0,0.0,1.0,1.0,1.0
Myiothlypis-bivittata,81.0,0.0,0.0,1.0,1.0,1.0
Myiothlypis-coronata,90.0,0.0,0.0,1.0,1.0,1.0
Myiothlypis-fulvicauda,90.0,9.0,6.0,0.9375,0.9091,0.9231
Myiothlypis-luteoviridis,81.0,3.0,0.0,1.0,0.9643,0.9818
Myiotriccus-ornatus,198.0,9.0,0.0,1.0,0.9565,0.9778
Myiozetetes-cayanensis,99.0,0.0,0.0,1.0,1.0,1.0
Myiozetetes-granadensis,132.0,0.0,21.0,0.8627,1.0,0.9263
Myiozetetes-similis,84.0,0.0,0.0,1.0,1.0,1.0
Myrmelastes-brunneiceps,87.0,0.0,9.0,0.9062,1.0,0.9508
Myrmelastes-hyperythrus,54.0,3.0,9.0,0.8571,0.9474,0.9
Myrmoborus-leucophrys,66.0,0.0,3.0,0.9565,1.0,0.9778
Myrmoborus-lophotes,75.0,3.0,0.0,1.0,0.9615,0.9804
Myrmophylax-atrothorax,42.0,0.0,0.0,1.0,1.0,1.0
Myrmothera-campanisona,54.0,0.0,12.0,0.8182,1.0,0.9
Myrmotherula-brachyura,96.0,3.0,30.0,0.7619,0.9697,0.8533
Myrmotherula-iheringi,315.0,0.0,30.0,0.913,1.0,0.9545
Myrmotherula-longicauda,27.0,6.0,6.0,0.8182,0.8182,0.8182
Myrmotherula-longipennis,66.0,0.0,0.0,1.0,1.0,1.0
Myrmotherula-menetriesii,75.0,0.0,9.0,0.8929,1.0,0.9434
Myrmotherula-multostriata,90.0,0.0,12.0,0.8824,1.0,0.9375
Myrmotherula-schisticolor,117.0,12.0,15.0,0.8864,0.907,0.8966
Myrmotherula-sclateri,141.0,0.0,30.0,0.8246,1.0,0.9038
Nemosia-pileata,48.0,0.0,0.0,1.0,1.0,1.0
Neoctantes-niger,168.0,0.0,0.0,1.0,1.0,1.0
Neopelma-sulphureiventer,48.0,0.0,0.0,1.0,1.0,1.0
Netta-peposaca,24.0,0.0,0.0,1.0,1.0,1.0
Nonnula-ruficapilla,51.0,0.0,6.0,0.8947,1.0,0.9444
Notharchus-hyperrhynchus,75.0,0.0,57.0,0.5682,1.0,0.7246
Notharchus-ordii,75.0,0.0,0.0,1.0,1.0,1.0
Nyctibius-aethereus,36.0,0.0,0.0,1.0,1.0,1.0
Nyctibius-grandis,63.0,6.0,21.0,0.75,0.913,0.8235
Nyctibius-griseus,129.0,9.0,165.0,0.4388,0.9348,0.5972
Nyctiphrynus-ocellatus,201.0,0.0,9.0,0.9571,1.0,0.9781
Nyctipolus-nigrescens,120.0,6.0,9.0,0.9302,0.9524,0.9412
Nystalus-striolatus,54.0,18.0,9.0,0.8571,0.75,0.8
Ochthoeca-cinnamomeiventris,63.0,3.0,3.0,0.9545,0.9545,0.9545
Ochthornis-littoralis,48.0,0.0,6.0,0.8889,1.0,0.9412
Odontophorus-gujanensis,108.0,3.0,9.0,0.9231,0.973,0.9474
Odontophorus-speciosus,129.0,0.0,0.0,1.0,1.0,1.0
Odontophorus-stellatus,45.0,0.0,3.0,0.9375,1.0,0.9677
Odontorchilus-branickii,84.0,0.0,21.0,0.8,1.0,0.8889
Opisthocomus-hoazin,69.0,0.0,0.0,1.0,1.0,1.0
Oporornis-agilis,276.0,27.0,48.0,0.8519,0.9109,0.8804
Oreopholus-ruficollis,48.0,0.0,3.0,0.9412,1.0,0.9697
Ornithion-inerme,45.0,0.0,0.0,1.0,1.0,1.0
Orthopsittaca-manilatus,93.0,3.0,15.0,0.8611,0.9688,0.9118
Pachyramphus-castaneus,63.0,0.0,24.0,0.7241,1.0,0.84
Pachyramphus-marginatus,72.0,0.0,30.0,0.7059,1.0,0.8276
Pachyramphus-minor,36.0,3.0,18.0,0.6667,0.9231,0.7742
Pachyramphus-polychopterus,33.0,0.0,33.0,0.5,1.0,0.6667
Pachyramphus-validus,69.0,3.0,0.0,1.0,0.9583,0.9787
Pachyramphus-viridis,45.0,0.0,0.0,1.0,1.0,1.0
Panyptila-cayennensis,99.0,0.0,0.0,1.0,1.0,1.0
Parabuteo-unicinctus,63.0,0.0,12.0,0.84,1.0,0.913
Paroaria-gularis,174.0,3.0,0.0,1.0,0.9831,0.9915
Patagioenas-fasciata,132.0,30.0,30.0,0.8148,0.8148,0.8148
Patagioenas-speciosa,69.0,0.0,0.0,1.0,1.0,1.0
Patagioenas-subvinacea,186.0,0.0,0.0,1.0,1.0,1.0
Penelope-jacquacu,174.0,0.0,6.0,0.9667,1.0,0.9831
Petrochelidon-pyrrhonota,90.0,0.0,0.0,1.0,1.0,1.0
Phaeomyias-murina,111.0,0.0,12.0,0.9024,1.0,0.9487
Phaethornis-guy,156.0,0.0,3.0,0.9811,1.0,0.9905
Phaethornis-hispidus,120.0,0.0,0.0,1.0,1.0,1.0
Phaethornis-ruber,99.0,0.0,0.0,1.0,1.0,1.0
Pharomachrus-antisianus,66.0,0.0,9.0,0.88,1.0,0.9362
Pharomachrus-auriceps,108.0,6.0,6.0,0.9474,0.9474,0.9474
Pheucticus-aureoventris,84.0,6.0,15.0,0.8485,0.9333,0.8889
Pheugopedius-coraya,72.0,3.0,3.0,0.96,0.96,0.96
Pheugopedius-genibarbis,81.0,0.0,3.0,0.9643,1.0,0.9818
Philydor-erythrocercum,48.0,3.0,0.0,1.0,0.9412,0.9697
Philydor-pyrrhodes,177.0,36.0,42.0,0.8082,0.831,0.8194
Phlegopsis-erythroptera,117.0,3.0,3.0,0.975,0.975,0.975
Phlegopsis-nigromaculata,84.0,0.0,6.0,0.9333,1.0,0.9655
Phleocryptes-melanops,87.0,3.0,0.0,1.0,0.9667,0.9831
Phlogophilus-harterti,42.0,3.0,3.0,0.9333,0.9333,0.9333
Phrygilus-fruticeti,96.0,6.0,3.0,0.9697,0.9412,0.9552
Phyllomyias-plumbeiceps,102.0,6.0,15.0,0.8718,0.9444,0.9067
Phyllomyias-uropygialis,153.0,3.0,135.0,0.5312,0.9808,0.6892
Phylloscartes-parkeri,33.0,3.0,0.0,1.0,0.9167,0.9565
Piaya-melanogaster,99.0,3.0,0.0,1.0,0.9706,0.9851
Piculus-flavigula,30.0,0.0,6.0,0.8333,1.0,0.9091
Picumnus-aurifrons,117.0,0.0,42.0,0.7358,1.0,0.8478
Picumnus-dorbignyanus,30.0,0.0,15.0,0.6667,1.0,0.8
Picumnus-rufiventris,63.0,12.0,24.0,0.7241,0.84,0.7778
Pionus-menstruus,129.0,6.0,3.0,0.9773,0.9556,0.9663
Pionus-tumultuosus,87.0,18.0,3.0,0.9667,0.8286,0.8923
Pipile-cumanensis,81.0,0.0,0.0,1.0,1.0,1.0
Pipra-fasciicauda,57.0,0.0,33.0,0.6333,1.0,0.7755
Pipraeidea-melanonota,51.0,3.0,6.0,0.8947,0.9444,0.9189
Pipreola-arcuata,99.0,9.0,6.0,0.9429,0.9167,0.9296
Pipreola-frontalis,117.0,3.0,0.0,1.0,0.975,0.9873
Pipreola-pulchra,21.0,0.0,3.0,0.875,1.0,0.9333
Piprites-chloris,60.0,0.0,15.0,0.8,1.0,0.8889
Piranga-leucoptera,354.0,6.0,24.0,0.9365,0.9833,0.9593
Piranga-olivacea,273.0,6.0,24.0,0.9192,0.9785,0.9479
Piranga-rubra,57.0,0.0,0.0,1.0,1.0,1.0
Platyrinchus-coronatus,51.0,15.0,9.0,0.85,0.7727,0.8095
Platyrinchus-mystaceus,51.0,3.0,12.0,0.8095,0.9444,0.8718
Platyrinchus-platyrhynchos,108.0,0.0,15.0,0.878,1.0,0.9351
Plegadis-ridgwayi,21.0,0.0,0.0,1.0,1.0,1.0
Pluvialis-dominica,27.0,0.0,3.0,0.9,1.0,0.9474
Podilymbus-podiceps,63.0,0.0,0.0,1.0,1.0,1.0
Poecilotriccus-latirostris,105.0,9.0,3.0,0.9722,0.9211,0.9459
Poecilotriccus-plumbeiceps,39.0,3.0,18.0,0.6842,0.9286,0.7879
Poecilotriccus-pulchellus,33.0,0.0,0.0,1.0,1.0,1.0
Polioptila-plumbea,78.0,0.0,0.0,1.0,1.0,1.0
Porphyrio-martinica,60.0,0.0,9.0,0.8696,1.0,0.9302
Premnoplex-brunnescens,84.0,9.0,0.0,1.0,0.9032,0.9492
Premnornis-guttuliger,108.0,0.0,0.0,1.0,1.0,1.0
Progne-subis,114.0,0.0,234.0,0.3276,1.0,0.4935
Progne-tapera,165.0,0.0,9.0,0.9483,1.0,0.9735
Psarocolius-angustifrons,150.0,21.0,15.0,0.9091,0.8772,0.8929
Psarocolius-atrovirens,99.0,6.0,33.0,0.75,0.9429,0.8354
Psarocolius-bifasciatus,150.0,15.0,42.0,0.7812,0.9091,0.8403
Psarocolius-decumanus,57.0,3.0,39.0,0.5938,0.95,0.7308
Pseudocolopteryx-acutipennis,18.0,0.0,0.0,1.0,1.0,1.0
Pseudotriccus-ruficeps,63.0,18.0,39.0,0.6176,0.7778,0.6885
Psittacara-leucophthalmus,57.0,0.0,6.0,0.9048,1.0,0.95
Pteroglossus-azara,132.0,0.0,0.0,1.0,1.0,1.0
Pteroglossus-inscriptus,75.0,0.0,3.0,0.9615,1.0,0.9804
Pulsatrix-melanota,99.0,6.0,39.0,0.7174,0.9429,0.8148
Ramphastos-toco,36.0,0.0,0.0,1.0,1.0,1.0
Ramphastos-tucanus,309.0,0.0,3.0,0.9904,1.0,0.9952
Ramphocaenus-sticturus,102.0,0.0,6.0,0.9444,1.0,0.9714
Ramphocelus-carbo,195.0,0.0,6.0,0.9701,1.0,0.9848
Ramphocelus-nigrogularis,171.0,0.0,0.0,1.0,1.0,1.0
Ramphotrigon-megacephalum,93.0,0.0,0.0,1.0,1.0,1.0
Rhynchocyclus-olivaceus,54.0,12.0,3.0,0.9474,0.8182,0.878
Rhytipterna-simplex,54.0,6.0,12.0,0.8182,0.9,0.8571
Rollandia-rolland,45.0,0.0,3.0,0.9375,1.0,0.9677
Rupicola-peruvianus,210.0,0.0,3.0,0.9859,1.0,0.9929
Rupornis-magnirostris,66.0,0.0,6.0,0.9167,1.0,0.9565
Rynchops-niger,105.0,0.0,0.0,1.0,1.0,1.0
Saltator-coerulescens,60.0,0.0,0.0,1.0,1.0,1.0
Saltator-grossus,60.0,3.0,3.0,0.9524,0.9524,0.9524
Saltator-maximus,114.0,0.0,42.0,0.7308,1.0,0.8444
Sayornis-nigricans,150.0,0.0,0.0,1.0,1.0,1.0
Schiffornis-aenea,87.0,0.0,0.0,1.0,1.0,1.0
Schiffornis-major,60.0,0.0,9.0,0.8696,1.0,0.9302
Schiffornis-turdina,84.0,0.0,0.0,1.0,1.0,1.0
Sciaphylax-hemimelaena,63.0,0.0,12.0,0.84,1.0,0.913
Sclateria-naevia,117.0,3.0,3.0,0.975,0.975,0.975
Sclerurus-albigularis,204.0,0.0,0.0,1.0,1.0,1.0
Sclerurus-caudacutus,192.0,0.0,0.0,1.0,1.0,1.0
Scytalopus-atratus,102.0,0.0,6.0,0.9444,1.0,0.9714
Scytalopus-schulenbergi,198.0,0.0,6.0,0.9706,1.0,0.9851
Scytalopus-simonsi,120.0,3.0,0.0,1.0,0.9756,0.9877
Serpophaga-hypoleuca,57.0,0.0,9.0,0.8636,1.0,0.9268
Setopagis-parvula,48.0,0.0,0.0,1.0,1.0,1.0
Setophaga-cerulea,99.0,9.0,114.0,0.4648,0.9167,0.6168
Setophaga-palmarum,66.0,15.0,0.0,1.0,0.8148,0.898
Setophaga-petechia,57.0,0.0,0.0,1.0,1.0,1.0
Setophaga-pitiayumi,72.0,0.0,15.0,0.8276,1.0,0.9057
Setophaga-striata,78.0,3.0,24.0,0.7647,0.963,0.8525
Sicalis-flaveola,66.0,12.0,15.0,0.8148,0.8462,0.8302
Sirystes-albocinereus,150.0,0.0,3.0,0.9804,1.0,0.9901
Sittasomus-griseicapillus,51.0,0.0,3.0,0.9444,1.0,0.9714
Snowornis-subalaris,15.0,0.0,0.0,1.0,1.0,1.0
Spatula-cyanoptera,21.0,0.0,0.0,1.0,1.0,1.0
Spatula-discors,96.0,3.0,9.0,0.9143,0.9697,0.9412
Spinus-olivaceus,135.0,0.0,0.0,1.0,1.0,1.0
Spizaetus-ornatus,108.0,0.0,0.0,1.0,1.0,1.0
Spizaetus-tyrannus,48.0,0.0,0.0,1.0,1.0,1.0
Sporophila-bouvronides,99.0,12.0,6.0,0.9429,0.8919,0.9167
Sporophila-caerulescens,51.0,12.0,9.0,0.85,0.8095,0.8293
Sporophila-castaneiventris,150.0,3.0,21.0,0.8772,0.9804,0.9259
Sporophila-hypochroma,39.0,0.0,3.0,0.9286,1.0,0.963
Sporophila-hypoxantha,39.0,0.0,9.0,0.8125,1.0,0.8966
Sporophila-leucoptera,39.0,9.0,0.0,1.0,0.8125,0.8966
Sporophila-lineola,33.0,3.0,3.0,0.9167,0.9167,0.9167
Sporophila-nigricollis,111.0,0.0,0.0,1.0,1.0,1.0
Sporophila-schistacea,63.0,6.0,6.0,0.913,0.913,0.913
Sterna-hirundo,102.0,6.0,27.0,0.7907,0.9444,0.8608
Sternula-superciliaris,102.0,0.0,0.0,1.0,1.0,1.0
Streptoprocne-zonaris,120.0,0.0,3.0,0.9756,1.0,0.9877
Sublegatus-modestus,72.0,0.0,6.0,0.9231,1.0,0.96
Synallaxis-albescens,213.0,0.0,0.0,1.0,1.0,1.0
Synallaxis-albigularis,156.0,0.0,0.0,1.0,1.0,1.0
Synallaxis-gujanensis,81.0,3.0,0.0,1.0,0.9643,0.9818
Synallaxis-rutilans,108.0,0.0,0.0,1.0,1.0,1.0
Syndactyla-ucayalae,72.0,3.0,6.0,0.9231,0.96,0.9412
Tachornis-squamata,27.0,0.0,12.0,0.6923,1.0,0.8182
Tachybaptus-dominicus,132.0,6.0,6.0,0.9565,0.9565,0.9565
Tachycineta-albiventer,45.0,0.0,0.0,1.0,1.0,1.0
Tachyphonus-rufus,72.0,0.0,0.0,1.0,1.0,1.0
Tangara-arthus,27.0,0.0,0.0,1.0,1.0,1.0
Tangara-callophrys,63.0,0.0,0.0,1.0,1.0,1.0
Tangara-chilensis,84.0,0.0,0.0,1.0,1.0,1.0
Tangara-chrysotis,150.0,0.0,3.0,0.9804,1.0,0.9901
Tangara-gyrola,156.0,6.0,9.0,0.9455,0.963,0.9541
Tangara-mexicana,39.0,0.0,0.0,1.0,1.0,1.0
Tangara-nigroviridis,114.0,0.0,0.0,1.0,1.0,1.0
Tangara-schrankii,69.0,0.0,0.0,1.0,1.0,1.0
Tangara-velia,123.0,0.0,0.0,1.0,1.0,1.0
Tangara-xanthocephala,123.0,9.0,0.0,1.0,0.9318,0.9647
Taphrospilus-hypostictus,39.0,0.0,0.0,1.0,1.0,1.0
Taraba-major,72.0,0.0,27.0,0.7273,1.0,0.8421
Terenotriccus-erythrurus,162.0,3.0,6.0,0.9643,0.9818,0.973
Tersina-viridis,114.0,3.0,3.0,0.9744,0.9744,0.9744
Thalurania-furcata,72.0,3.0,0.0,1.0,0.96,0.9796
Thamnistes-anabatinus,42.0,0.0,3.0,0.9333,1.0,0.9655
Thamnophilus-aethiops,84.0,0.0,12.0,0.875,1.0,0.9333
Thamnophilus-amazonicus,48.0,0.0,0.0,1.0,1.0,1.0
Thamnophilus-doliatus,69.0,3.0,3.0,0.9583,0.9583,0.9583
Thamnophilus-murinus,126.0,0.0,0.0,1.0,1.0,1.0
Thamnophilus-palliatus,111.0,9.0,36.0,0.7551,0.925,0.8315
Thamnophilus-ruficapillus,75.0,6.0,15.0,0.8333,0.9259,0.8772
Theristicus-branickii,30.0,6.0,0.0,1.0,0.8333,0.9091
Theristicus-caudatus,33.0,0.0,6.0,0.8462,1.0,0.9167
Thlypopsis-sordida,48.0,0.0,0.0,1.0,1.0,1.0
Thraupis-palmarum,60.0,3.0,3.0,0.9524,0.9524,0.9524
Thraupis-sayaca,45.0,0.0,6.0,0.8824,1.0,0.9375
Threnetes-leucurus,249.0,6.0,6.0,0.9765,0.9765,0.9765
Thripadectes-holostictus,78.0,0.0,6.0,0.9286,1.0,0.963
Thripadectes-scrutator,96.0,0.0,6.0,0.9412,1.0,0.9697
Tinamus-guttatus,33.0,0.0,0.0,1.0,1.0,1.0
Tinamus-major,117.0,30.0,42.0,0.7358,0.7959,0.7647
Tinamus-tao,243.0,3.0,45.0,0.8438,0.9878,0.9101
Tityra-cayana,63.0,3.0,12.0,0.84,0.9545,0.8936
Tityra-semifasciata,60.0,6.0,3.0,0.9524,0.9091,0.9302
Todirostrum-chrysocrotaphum,171.0,3.0,9.0,0.95,0.9828,0.9661
Todirostrum-cinereum,78.0,0.0,18.0,0.8125,1.0,0.8966
Todirostrum-maculatum,63.0,0.0,0.0,1.0,1.0,1.0
Tolmomyias-assimilis,90.0,6.0,27.0,0.7692,0.9375,0.8451
Tolmomyias-flaviventris,66.0,3.0,6.0,0.9167,0.9565,0.9362
Tolmomyias-poliocephalus,120.0,6.0,36.0,0.7692,0.9524,0.8511
Tolmomyias-sulphurescens,114.0,0.0,27.0,0.8085,1.0,0.8941
Touit-huetii,72.0,0.0,3.0,0.96,1.0,0.9796
Trichothraupis-melanops,87.0,0.0,138.0,0.3867,1.0,0.5577
Tringa-flavipes,60.0,0.0,3.0,0.9524,1.0,0.9756
Tringa-melanoleuca,54.0,0.0,12.0,0.8182,1.0,0.9
Tringa-solitaria,60.0,0.0,3.0,0.9524,1.0,0.9756
Trogon-collaris,84.0,0.0,6.0,0.9333,1.0,0.9655
Trogon-curucui,129.0,9.0,3.0,0.9773,0.9348,0.9556
Trogon-ramonianus,123.0,0.0,27.0,0.82,1.0,0.9011
Trogon-viridis,45.0,3.0,6.0,0.8824,0.9375,0.9091
Turdus-albicollis,111.0,0.0,45.0,0.7115,1.0,0.8315
Turdus-amaurochalinus,90.0,0.0,3.0,0.9677,1.0,0.9836
Turdus-lawrencii,429.0,15.0,78.0,0.8462,0.9662,0.9022
Turdus-leucomelas,180.0,3.0,0.0,1.0,0.9836,0.9917
Turdus-leucops,111.0,0.0,3.0,0.9737,1.0,0.9867
Tyrannulus-elatus,18.0,0.0,15.0,0.5455,1.0,0.7059
Tyrannus-albogularis,45.0,0.0,0.0,1.0,1.0,1.0
Tyto-alba,36.0,0.0,0.0,1.0,1.0,1.0
Uropsalis-lyra,159.0,9.0,48.0,0.7681,0.9464,0.848
Vanellus-chilensis,27.0,0.0,0.0,1.0,1.0,1.0
Veniliornis-passerinus,90.0,0.0,0.0,1.0,1.0,1.0
Vireo-flavoviridis,198.0,0.0,0.0,1.0,1.0,1.0
Vireo-leucophrys,63.0,3.0,3.0,0.9545,0.9545,0.9545
Vireo-olivaceus,294.0,0.0,0.0,1.0,1.0,1.0
Vireolanius-leucotis,165.0,0.0,0.0,1.0,1.0,1.0
Xenopipo-atronitens,24.0,3.0,3.0,0.8889,0.8889,0.8889
Xenops-minutus,36.0,0.0,0.0,1.0,1.0,1.0
Xenops-rutilans,90.0,0.0,0.0,1.0,1.0,1.0
Xiphocolaptes-promeropirhynchus,87.0,15.0,9.0,0.9062,0.8529,0.8788
Xiphorhynchus-guttatus,72.0,12.0,36.0,0.6667,0.8571,0.75
Xiphorhynchus-obsoletus,69.0,0.0,48.0,0.5897,1.0,0.7419
Xiphorhynchus-ocellatus,9.0,0.0,6.0,0.6,1.0,0.75
Xiphorhynchus-triangularis,66.0,0.0,15.0,0.8148,1.0,0.898
Zebrilus-undulatus,105.0,0.0,48.0,0.6863,1.0,0.814
Zenaida-auriculata,93.0,0.0,21.0,0.8158,1.0,0.8986
Zimmerius-cinereicapilla,51.0,0.0,12.0,0.8095,1.0,0.8947
Zonotrichia-capensis,81.0,24.0,15.0,0.8438,0.7714,0.806
